Geo Point;Geo Shape;Standort;anzeigesta
47.427596297301164, 9.391911146312031;"{""coordinates"": [9.391911146312031, 47.427596297301164], ""type"": ""Point""}";Birnbäumenstrasse 50;1
47.42832520407922, 9.393741542932872;"{""coordinates"": [9.393741542932872, 47.42832520407922], ""type"": ""Point""}";Flurhofstrasse 50;1
47.425470224587315, 9.385943230528415;"{""coordinates"": [9.385943230528415, 47.425470224587315], ""type"": ""Point""}";Axensteinstrasse;1
47.42638088303757, 9.384305477808763;"{""coordinates"": [9.384305477808763, 47.42638088303757], ""type"": ""Point""}";Schwalbenstrasse;1
47.42426799033763, 9.381361302043272;"{""coordinates"": [9.381361302043272, 47.42426799033763], ""type"": ""Point""}";Linsebühlstrasse 24;1
47.41328103320174, 9.362747992289641;"{""coordinates"": [9.362747992289641, 47.41328103320174], ""type"": ""Point""}";Hochwachtstrasse 1;1
47.415133272777275, 9.395535875282722;"{""coordinates"": [9.395535875282722, 47.415133272777275], ""type"": ""Point""}";St.Georgen-Strasse 190;1
47.41442108873599, 9.399044988281814;"{""coordinates"": [9.399044988281814, 47.41442108873599], ""type"": ""Point""}";St.Georgen-Strasse 218;1
47.41950486094242, 9.36689436504738;"{""coordinates"": [9.36689436504738, 47.41950486094242], ""type"": ""Point""}";Davidstrasse 46;1
47.41418537167867, 9.34155554691861;"{""coordinates"": [9.34155554691861, 47.41418537167867], ""type"": ""Point""}";Eisbahnstrasse 9;1
47.402374263434055, 9.336005831534871;"{""coordinates"": [9.336005831534871, 47.402374263434055], ""type"": ""Point""}";Wolfganghof 13;1
47.40156643791688, 9.334009552955045;"{""coordinates"": [9.334009552955045, 47.40156643791688], ""type"": ""Point""}";Wolfganghof 19;1
47.4290527567822, 9.391468513627444;"{""coordinates"": [9.391468513627444, 47.4290527567822], ""type"": ""Point""}";Steigerstr. / Schwanenstr. 12;1
47.40394034972227, 9.341910599063207;"{""coordinates"": [9.341910599063207, 47.40394034972227], ""type"": ""Point""}";Haselstrasse 15 a;1
47.4119375679048, 9.363254104782028;"{""coordinates"": [9.363254104782028, 47.4119375679048], ""type"": ""Point""}";Gerhardtstrasse 4;1
47.40684883294595, 9.316443904267427;"{""coordinates"": [9.316443904267427, 47.40684883294595], ""type"": ""Point""}";Sonnmattstrasse 33;1
47.43420418193013, 9.409988047577752;"{""coordinates"": [9.409988047577752, 47.43420418193013], ""type"": ""Point""}";Fuchsenweg;1
47.447076283878495, 9.404882647396823;"{""coordinates"": [9.404882647396823, 47.447076283878495], ""type"": ""Point""}";Guggeienhof 1;1
47.44852924264477, 9.415029490719673;"{""coordinates"": [9.415029490719673, 47.44852924264477], ""type"": ""Point""}";Brauerstrasse 107, Gartenareal;1
47.43231730578533, 9.388870555592186;"{""coordinates"": [9.388870555592186, 47.43231730578533], ""type"": ""Point""}";Lindenstrasse 35 / 39;1
47.41798901496054, 9.348884538134016;"{""coordinates"": [9.348884538134016, 47.41798901496054], ""type"": ""Point""}";Leuenbergerstrasse 12;1
47.40802602824334, 9.341015357585489;"{""coordinates"": [9.341015357585489, 47.40802602824334], ""type"": ""Point""}";Bernhardswiesstrasse 16;1
47.408458097491206, 9.34162356046977;"{""coordinates"": [9.34162356046977, 47.408458097491206], ""type"": ""Point""}";Bernhardswiesstrasse 14;1
47.40238630050826, 9.302676454425166;"{""coordinates"": [9.302676454425166, 47.40238630050826], ""type"": ""Point""}";Altwinkelnstrasse 11;1
47.40187563281267, 9.302679908618137;"{""coordinates"": [9.302679908618137, 47.40187563281267], ""type"": ""Point""}";Altwinkelnstrasse 19;1
47.43841743523036, 9.395435340086062;"{""coordinates"": [9.395435340086062, 47.43841743523036], ""type"": ""Point""}";Heiligkreuzstrasse 20;1
47.44078743749475, 9.409344314811202;"{""coordinates"": [9.409344314811202, 47.44078743749475], ""type"": ""Point""}";Oberzilstrasse 2;1
47.41148392288326, 9.36249324927735;"{""coordinates"": [9.36249324927735, 47.41148392288326], ""type"": ""Point""}";Solitüdenstrasse 23;1
47.4337265452606, 9.396065759009606;"{""coordinates"": [9.396065759009606, 47.4337265452606], ""type"": ""Point""}";Lindenstrasse 86;1
47.41757385120115, 9.356886633341928;"{""coordinates"": [9.356886633341928, 47.41757385120115], ""type"": ""Point""}";Salisstrasse/Schillerstrasse;1
47.40122256022204, 9.301940172876877;"{""coordinates"": [9.301940172876877, 47.40122256022204], ""type"": ""Point""}";Blériotweg 7/9;1
47.4427216831667, 9.40156122072508;"{""coordinates"": [9.40156122072508, 47.4427216831667], ""type"": ""Point""}";Quellenstrasse 1;1
47.43563031217591, 9.390220357286038;"{""coordinates"": [9.390220357286038, 47.43563031217591], ""type"": ""Point""}";Kolumbanstrasse 6;1
47.42175351409187, 9.350851697970473;"{""coordinates"": [9.350851697970473, 47.42175351409187], ""type"": ""Point""}";Rosenfeldweg 9;1
47.4223190634731, 9.358435146282027;"{""coordinates"": [9.358435146282027, 47.4223190634731], ""type"": ""Point""}";Furglerstrasse;1
47.419657294081354, 9.35565125818522;"{""coordinates"": [9.35565125818522, 47.419657294081354], ""type"": ""Point""}";Vonwilstrasse 51;1
47.40929548405511, 9.333631508814396;"{""coordinates"": [9.333631508814396, 47.40929548405511], ""type"": ""Point""}";Distelistrasse 5;1
47.42275497516839, 9.358871252815296;"{""coordinates"": [9.358871252815296, 47.42275497516839], ""type"": ""Point""}";Furglerstrasse/Dufourstrasse;1
47.438838774087, 9.405651189149093;"{""coordinates"": [9.405651189149093, 47.438838774087], ""type"": ""Point""}";Lindenstrasse 169;1
47.412742757924654, 9.35437505134181;"{""coordinates"": [9.35437505134181, 47.412742757924654], ""type"": ""Point""}";Ruhsitzstrasse 17;1
47.41376236369734, 9.349543825497058;"{""coordinates"": [9.349543825497058, 47.41376236369734], ""type"": ""Point""}";Fürstenlandstrasse 41;1
47.44860365817141, 9.397512575100496;"{""coordinates"": [9.397512575100496, 47.44860365817141], ""type"": ""Point""}";Langgasse 151;1
47.417817540018085, 9.360419323326765;"{""coordinates"": [9.360419323326765, 47.417817540018085], ""type"": ""Point""}";Ilgenstrasse / Grenzstrasse 3;1
47.405102810308065, 9.325169504422817;"{""coordinates"": [9.325169504422817, 47.405102810308065], ""type"": ""Point""}";Lehnstrasse 94;1
47.424597774631195, 9.366410523753348;"{""coordinates"": [9.366410523753348, 47.424597774631195], ""type"": ""Point""}";Zwinglistrasse / Melchtalstrasse;1
47.41381715841634, 9.332573787004714;"{""coordinates"": [9.332573787004714, 47.41381715841634], ""type"": ""Point""}";Ullmannstrasse 23;1
47.420942795047964, 9.354306944184922;"{""coordinates"": [9.354306944184922, 47.420942795047964], ""type"": ""Point""}";Gerbestrasse 14;1
47.43841578208038, 9.382436506552164;"{""coordinates"": [9.382436506552164, 47.43841578208038], ""type"": ""Point""}";Hölderlinstrasse 8;1
47.417476478850645, 9.349428620072972;"{""coordinates"": [9.349428620072972, 47.417476478850645], ""type"": ""Point""}";Leuenbergerstrasse 2;1
47.43555098881224, 9.404150377106378;"{""coordinates"": [9.404150377106378, 47.43555098881224], ""type"": ""Point""}";Grünaustrasse / Rorschacher Strasse 234;1
47.43412810339173, 9.40390060086284;"{""coordinates"": [9.40390060086284, 47.43412810339173], ""type"": ""Point""}";Grütlistrasse 14;1
47.406350507879274, 9.304352070860896;"{""coordinates"": [9.304352070860896, 47.406350507879274], ""type"": ""Point""}";Kunklerstrasse 1;1
47.40822609475522, 9.308562407197135;"{""coordinates"": [9.308562407197135, 47.40822609475522], ""type"": ""Point""}";Alte Bildstrasse;1
47.427850615501825, 9.364605721264043;"{""coordinates"": [9.364605721264043, 47.427850615501825], ""type"": ""Point""}";Schorenstrasse 30;1
47.43608704148864, 9.402889116381026;"{""coordinates"": [9.402889116381026, 47.43608704148864], ""type"": ""Point""}";Brauerstrasse 34;1
47.437485244002524, 9.40402998359197;"{""coordinates"": [9.40402998359197, 47.437485244002524], ""type"": ""Point""}";Brauerstrasse 51 / Lukasstrasse;1
47.42147376507094, 9.377659635954956;"{""coordinates"": [9.377659635954956, 47.42147376507094], ""type"": ""Point""}";Felsenstrasse / Berneggstrasse;1
47.44118436900995, 9.418274638617747;"{""coordinates"": [9.418274638617747, 47.44118436900995], ""type"": ""Point""}";Schuppisstrasse 8;1
47.43755493708894, 9.402770498286504;"{""coordinates"": [9.402770498286504, 47.43755493708894], ""type"": ""Point""}";Lukasstrasse 58;1
47.410299444890214, 9.366167283800129;"{""coordinates"": [9.366167283800129, 47.410299444890214], ""type"": ""Point""}";Im Grund / Teufener Strasse 156a;1
47.43721796586228, 9.412664012308111;"{""coordinates"": [9.412664012308111, 47.43721796586228], ""type"": ""Point""}";Favrestrasse 17;1
47.42744244804617, 9.38506425630952;"{""coordinates"": [9.38506425630952, 47.42744244804617], ""type"": ""Point""}";Hintere Singenbergstrasse;1
47.42569342587728, 9.362250554780232;"{""coordinates"": [9.362250554780232, 47.42569342587728], ""type"": ""Point""}";Dietlistrasse 35;1
47.43502988202969, 9.400862937904169;"{""coordinates"": [9.400862937904169, 47.43502988202969], ""type"": ""Point""}";Rosengartenstr. 29;1
47.44245071925016, 9.412277463088467;"{""coordinates"": [9.412277463088467, 47.44245071925016], ""type"": ""Point""}";Zilstrasse 76;1
47.43489502031073, 9.413289581658711;"{""coordinates"": [9.413289581658711, 47.43489502031073], ""type"": ""Point""}";Oberhaldenstrasse Wendeplatz;1
47.431904344706986, 9.402139661163627;"{""coordinates"": [9.402139661163627, 47.431904344706986], ""type"": ""Point""}";Rappensteinstrasse 40;1
47.42238388338925, 9.376658364266342;"{""coordinates"": [9.376658364266342, 47.42238388338925], ""type"": ""Point""}";Gallusplatz;1
47.42697740161507, 9.38817256244687;"{""coordinates"": [9.38817256244687, 47.42697740161507], ""type"": ""Point""}";Flurhofstrasse 10;1
47.40687695423581, 9.339745517730288;"{""coordinates"": [9.339745517730288, 47.40687695423581], ""type"": ""Point""}";Bernhardswiesstrasse 34;1
47.43673249718894, 9.407464284769013;"{""coordinates"": [9.407464284769013, 47.43673249718894], ""type"": ""Point""}";Martinsbruggstrasse 15;1
47.43598767866483, 9.395933067850516;"{""coordinates"": [9.395933067850516, 47.43598767866483], ""type"": ""Point""}";Heiligkreuzstrasse 5;1
47.446405923426475, 9.39603232223225;"{""coordinates"": [9.39603232223225, 47.446405923426475], ""type"": ""Point""}";Bruggwaldstrasse 40;1
47.41061558616237, 9.334985472240357;"{""coordinates"": [9.334985472240357, 47.41061558616237], ""type"": ""Point""}";Alpsteinstrasse 3;1
47.41419540729972, 9.341584445057263;"{""coordinates"": [9.341584445057263, 47.41419540729972], ""type"": ""Point""}";Eisbahnstrasse 9;1
47.4200722096285, 9.353823223408822;"{""coordinates"": [9.353823223408822, 47.4200722096285], ""type"": ""Point""}";Ulmenstrasse 9;1
47.40231004814746, 9.332593862288766;"{""coordinates"": [9.332593862288766, 47.40231004814746], ""type"": ""Point""}";Wolfgangstrasse 75;1
47.406105244336224, 9.32971896553341;"{""coordinates"": [9.32971896553341, 47.406105244336224], ""type"": ""Point""}";Lehnstrasse 40;1
47.427154028352575, 9.365181549496587;"{""coordinates"": [9.365181549496587, 47.427154028352575], ""type"": ""Point""}";Dietlistrasse 59;1
47.44195056631252, 9.395044144017346;"{""coordinates"": [9.395044144017346, 47.44195056631252], ""type"": ""Point""}";Lettenstrasse / Langgasse 120a;1
47.42022592977654, 9.373415358837603;"{""coordinates"": [9.373415358837603, 47.42022592977654], ""type"": ""Point""}";Felsenstrasse 58;1
47.42302329524891, 9.364612462233502;"{""coordinates"": [9.364612462233502, 47.42302329524891], ""type"": ""Point""}";Greifenstrasse 13;1
47.44320393962538, 9.412049543741459;"{""coordinates"": [9.412049543741459, 47.44320393962538], ""type"": ""Point""}";Zilstrasse / Imbodenstrasse;1
47.43556333566387, 9.404170140917275;"{""coordinates"": [9.404170140917275, 47.43556333566387], ""type"": ""Point""}";Grünaustrasse / Rorschacher Strasse 234;1
47.4337536372559, 9.415648910926766;"{""coordinates"": [9.415648910926766, 47.4337536372559], ""type"": ""Point""}";Kublystrasse;1
47.431918969793664, 9.40211950315902;"{""coordinates"": [9.40211950315902, 47.431918969793664], ""type"": ""Point""}";Rappensteinstrasse 40;1
47.4186169263325, 9.354712201933289;"{""coordinates"": [9.354712201933289, 47.4186169263325], ""type"": ""Point""}";Dürrenmattstrasse 9;1
47.41233545597981, 9.335192366941746;"{""coordinates"": [9.335192366941746, 47.41233545597981], ""type"": ""Point""}";Zürcher Strasse 210;1
47.40199657953095, 9.296411275862217;"{""coordinates"": [9.296411275862217, 47.40199657953095], ""type"": ""Point""}";Kreuzbühlstrasse 34;1
47.42128917202602, 9.353908356243487;"{""coordinates"": [9.353908356243487, 47.42128917202602], ""type"": ""Point""}";Gerbeweg;1
47.42178113320445, 9.376666231907235;"{""coordinates"": [9.376666231907235, 47.42178113320445], ""type"": ""Point""}";Mühlensteg 3;1
47.424932739598134, 9.383512390903736;"{""coordinates"": [9.383512390903736, 47.424932739598134], ""type"": ""Point""}";Linsebühlstrasse 74;1
47.43717335973982, 9.416551485101754;"{""coordinates"": [9.416551485101754, 47.43717335973982], ""type"": ""Point""}";Reherstrasse 20;1
47.43751225274475, 9.417418086555289;"{""coordinates"": [9.417418086555289, 47.43751225274475], ""type"": ""Point""}";Reherstrasse 22;1
47.43773836307493, 9.41805680909649;"{""coordinates"": [9.41805680909649, 47.43773836307493], ""type"": ""Point""}";Tablatstrasse 4 (Tiefgarage Reherstr.);1
47.41005852489518, 9.36174963068223;"{""coordinates"": [9.36174963068223, 47.41005852489518], ""type"": ""Point""}";Solitüdenstrasse 38;1
47.42593698529927, 9.382004570675258;"{""coordinates"": [9.382004570675258, 47.42593698529927], ""type"": ""Point""}";Lämmlisbrunnenstrasse 53;1
47.415874259071856, 9.383899850099848;"{""coordinates"": [9.383899850099848, 47.415874259071856], ""type"": ""Point""}";St.Georgen-Strasse Überbauung Maestrani;1
47.42247086925797, 9.363844256809827;"{""coordinates"": [9.363844256809827, 47.42247086925797], ""type"": ""Point""}";Rosenbergweg 16;1
47.40627244265274, 9.336853629847242;"{""coordinates"": [9.336853629847242, 47.40627244265274], ""type"": ""Point""}";Boppartshofweg;1
47.4199924355328, 9.368128202032569;"{""coordinates"": [9.368128202032569, 47.4199924355328], ""type"": ""Point""}";Davidstrasse 40;1
47.40506015631378, 9.317457981314208;"{""coordinates"": [9.317457981314208, 47.40506015631378], ""type"": ""Point""}";Hofstrasse 1;1
47.40065186770992, 9.298823418449958;"{""coordinates"": [9.298823418449958, 47.40065186770992], ""type"": ""Point""}";Geigerstrasse 7;1
47.40415952773606, 9.313006169640909;"{""coordinates"": [9.313006169640909, 47.40415952773606], ""type"": ""Point""}";Sturzeneggstrasse 14;1
47.41126812715086, 9.367596187671815;"{""coordinates"": [9.367596187671815, 47.41126812715086], ""type"": ""Point""}";Riethüslistrasse;1
47.41762133360767, 9.381650306880442;"{""coordinates"": [9.381650306880442, 47.41762133360767], ""type"": ""Point""}";St.Georgen-Strasse 71;1
47.423035724679906, 9.382731741561667;"{""coordinates"": [9.382731741561667, 47.423035724679906], ""type"": ""Point""}";Obere Wildeggstrasse 15;1
47.42444476186147, 9.384210265188411;"{""coordinates"": [9.384210265188411, 47.42444476186147], ""type"": ""Point""}";Speicherstrasse 18;1
47.426135993775546, 9.392579233843007;"{""coordinates"": [9.392579233843007, 47.426135993775546], ""type"": ""Point""}";Meienbergstrasse / Jüchstrasse;1
47.43600499965836, 9.388485304696967;"{""coordinates"": [9.388485304696967, 47.43600499965836], ""type"": ""Point""}";Taubenstrasse 7;1
47.40671203256973, 9.341299893739658;"{""coordinates"": [9.341299893739658, 47.40671203256973], ""type"": ""Point""}";Oberstrasse 275;1
47.407471739463745, 9.34329030964508;"{""coordinates"": [9.34329030964508, 47.407471739463745], ""type"": ""Point""}";Rosenbüchelstrasse 17;1
47.42909942801928, 9.377752120679428;"{""coordinates"": [9.377752120679428, 47.42909942801928], ""type"": ""Point""}";Magniberg 4;1
47.44203006801003, 9.408999919048265;"{""coordinates"": [9.408999919048265, 47.44203006801003], ""type"": ""Point""}";Zilweg 6/ 8;1
47.427093267647614, 9.395458733092687;"{""coordinates"": [9.395458733092687, 47.427093267647614], ""type"": ""Point""}";Meienbergstrasse 20;1
47.44022351131173, 9.410925303909424;"{""coordinates"": [9.410925303909424, 47.44022351131173], ""type"": ""Point""}";Schönbüelpark;1
47.417983739790834, 9.353806388131972;"{""coordinates"": [9.353806388131972, 47.417983739790834], ""type"": ""Point""}";Turnerstrasse/Dürrenmattstrasse;1
47.4363516240471, 9.413458065131946;"{""coordinates"": [9.413458065131946, 47.4363516240471], ""type"": ""Point""}";Martinsbruggstrasse 54;1
47.435331456537064, 9.389968644892488;"{""coordinates"": [9.389968644892488, 47.435331456537064], ""type"": ""Point""}";Kolumbanstrasse 6;1
47.42194153770283, 9.349238803577235;"{""coordinates"": [9.349238803577235, 47.42194153770283], ""type"": ""Point""}";Lilienstrasse 53;1
47.43413719700869, 9.385612233276227;"{""coordinates"": [9.385612233276227, 47.43413719700869], ""type"": ""Point""}";Rosenheimstrasse 9;1
47.407390812091045, 9.332754190204973;"{""coordinates"": [9.332754190204973, 47.407390812091045], ""type"": ""Point""}";Rickenstrasse 21;1
47.421752746562746, 9.346775935455664;"{""coordinates"": [9.346775935455664, 47.421752746562746], ""type"": ""Point""}";Zwyssigstrasse 15;1
47.44132805830177, 9.411825539329781;"{""coordinates"": [9.411825539329781, 47.44132805830177], ""type"": ""Point""}";Rorschacher Strasse 277;1
47.4263795997038, 9.393066309244592;"{""coordinates"": [9.393066309244592, 47.4263795997038], ""type"": ""Point""}";Meienbergstrasse 6;1
47.41660001227906, 9.380531889341226;"{""coordinates"": [9.380531889341226, 47.41660001227906], ""type"": ""Point""}";Jahnstrasse;1
47.416110555469174, 9.3550427066632;"{""coordinates"": [9.3550427066632, 47.416110555469174], ""type"": ""Point""}";Burgstrasse 91;1
47.437316831831424, 9.406823459467281;"{""coordinates"": [9.406823459467281, 47.437316831831424], ""type"": ""Point""}";Notkerianum Rorschacher Str. 254;1
47.42195206843481, 9.355002623515437;"{""coordinates"": [9.355002623515437, 47.42195206843481], ""type"": ""Point""}";Stahlstrasse 16;1
47.42578432727495, 9.35831009044926;"{""coordinates"": [9.35831009044926, 47.42578432727495], ""type"": ""Point""}";Paul-Brandt-Strasse 51;1
47.43951646716849, 9.40722331611913;"{""coordinates"": [9.40722331611913, 47.43951646716849], ""type"": ""Point""}";Stephanshornstrasse 3;1
47.40869039417756, 9.333053187981056;"{""coordinates"": [9.333053187981056, 47.40869039417756], ""type"": ""Point""}";Straubenzellstrasse 20;1
47.44792852657765, 9.39775999675699;"{""coordinates"": [9.39775999675699, 47.44792852657765], ""type"": ""Point""}";Sonnrainweg 10;1
47.409923183203205, 9.344039469694662;"{""coordinates"": [9.344039469694662, 47.409923183203205], ""type"": ""Point""}";Hechtackerstrasse 34;1
47.440619156899395, 9.384490604959868;"{""coordinates"": [9.384490604959868, 47.440619156899395], ""type"": ""Point""}";Schoeckstrasse / Tanneichenweg;1
47.43929868893084, 9.387580549821525;"{""coordinates"": [9.387580549821525, 47.43929868893084], ""type"": ""Point""}";Federerstrasse 15;1
47.41202053805253, 9.354563339361432;"{""coordinates"": [9.354563339361432, 47.41202053805253], ""type"": ""Point""}";Ruhsitzweg 18;1
47.433770465129896, 9.415637739911633;"{""coordinates"": [9.415637739911633, 47.433770465129896], ""type"": ""Point""}";Kublystrasse;1
47.408269153197864, 9.310501309697782;"{""coordinates"": [9.310501309697782, 47.408269153197864], ""type"": ""Point""}";Breitfeldstrasse 13;1
47.406279114714145, 9.313052463231648;"{""coordinates"": [9.313052463231648, 47.406279114714145], ""type"": ""Point""}";Sonnmattstrasse 13;1
47.43287614142388, 9.379700379855535;"{""coordinates"": [9.379700379855535, 47.43287614142388], ""type"": ""Point""}";Goethestrasse 14;1
47.43663222943584, 9.403336087836598;"{""coordinates"": [9.403336087836598, 47.43663222943584], ""type"": ""Point""}";Brauerstrasse 41;1
47.406787927650406, 9.309411454950986;"{""coordinates"": [9.309411454950986, 47.406787927650406], ""type"": ""Point""}";Kräzernstrasse 117;1
47.43624046658265, 9.415921441976158;"{""coordinates"": [9.415921441976158, 47.43624046658265], ""type"": ""Point""}";Obere Reherstrasse 9;1
47.43125347478922, 9.399866896063996;"{""coordinates"": [9.399866896063996, 47.43125347478922], ""type"": ""Point""}";Rappensteinstrasse 23;1
47.42511397959873, 9.358030297927414;"{""coordinates"": [9.358030297927414, 47.42511397959873], ""type"": ""Point""}";Sonnenbergstrasse 37;1
47.411417505755885, 9.362359699559981;"{""coordinates"": [9.362359699559981, 47.411417505755885], ""type"": ""Point""}";Fähnernstrasse 9;1
47.439499400250604, 9.386466532012017;"{""coordinates"": [9.386466532012017, 47.439499400250604], ""type"": ""Point""}";Sonnenhaldenplatz;1
47.41772553471364, 9.361755603934158;"{""coordinates"": [9.361755603934158, 47.41772553471364], ""type"": ""Point""}";Paradiesstrasse 30;1
47.418431684163494, 9.366140430283432;"{""coordinates"": [9.366140430283432, 47.418431684163494], ""type"": ""Point""}";Unterstr. 52;1
47.420059740506886, 9.353799977937028;"{""coordinates"": [9.353799977937028, 47.420059740506886], ""type"": ""Point""}";Ulmenstrasse 9;1
47.42750892206684, 9.375628998529953;"{""coordinates"": [9.375628998529953, 47.42750892206684], ""type"": ""Point""}";Kirchgasse 15;1
47.40813983213454, 9.339524117680217;"{""coordinates"": [9.339524117680217, 47.40813983213454], ""type"": ""Point""}";Hechtackerstrasse 14;1
47.43585821140218, 9.410588795668904;"{""coordinates"": [9.410588795668904, 47.43585821140218], ""type"": ""Point""}";Burenbüchelstrasse 16;1
47.41330165346442, 9.331296428791443;"{""coordinates"": [9.331296428791443, 47.41330165346442], ""type"": ""Point""}";Ullmannstrasse 37;1
47.4070022340633, 9.312021530901381;"{""coordinates"": [9.312021530901381, 47.4070022340633], ""type"": ""Point""}";Moosgartenstrasse 9/11;1
47.41526832731527, 9.382597232684354;"{""coordinates"": [9.382597232684354, 47.41526832731527], ""type"": ""Point""}";Spiltrücklistrasse 1;1
47.425451762953074, 9.357590200874291;"{""coordinates"": [9.357590200874291, 47.425451762953074], ""type"": ""Point""}";Tambourenstrasse 34;1
47.44077744015797, 9.409370653360513;"{""coordinates"": [9.409370653360513, 47.44077744015797], ""type"": ""Point""}";Oberzilstrasse 2;1
47.43313132044499, 9.393497817677783;"{""coordinates"": [9.393497817677783, 47.43313132044499], ""type"": ""Point""}";Lindenstrasse 71;1
47.4337880460234, 9.41562738540095;"{""coordinates"": [9.41562738540095, 47.4337880460234], ""type"": ""Point""}";Kublystrasse;1
47.425839988446654, 9.38504636829435;"{""coordinates"": [9.38504636829435, 47.425839988446654], ""type"": ""Point""}";Linsebühlstrasse 97;1
47.42494307373998, 9.383539316537748;"{""coordinates"": [9.383539316537748, 47.42494307373998], ""type"": ""Point""}";Linsebühlstrasse 74;1
47.425186206098694, 9.381991508674004;"{""coordinates"": [9.381991508674004, 47.425186206098694], ""type"": ""Point""}";Lämmlisbrunnenstrasse 44;1
47.42595142413916, 9.382025061023421;"{""coordinates"": [9.382025061023421, 47.42595142413916], ""type"": ""Point""}";Lämmlisbrunnenstrasse 53;1
47.428120735310586, 9.38973274862586;"{""coordinates"": [9.38973274862586, 47.428120735310586], ""type"": ""Point""}";Ackerstrasse 1;1
47.42950761147947, 9.389783641150023;"{""coordinates"": [9.389783641150023, 47.42950761147947], ""type"": ""Point""}";Tempelackerstrasse 30;1
47.42650194346403, 9.388945545039936;"{""coordinates"": [9.388945545039936, 47.42650194346403], ""type"": ""Point""}";Steingrüeblistrasse 24;1
47.41440060035578, 9.399864325998122;"{""coordinates"": [9.399864325998122, 47.41440060035578], ""type"": ""Point""}";St.Georgen-Strasse 220;1
47.425806025185935, 9.403434914718378;"{""coordinates"": [9.403434914718378, 47.425806025185935], ""type"": ""Point""}";Hardungstrasse 4;1
47.40270857614272, 9.337064883967143;"{""coordinates"": [9.337064883967143, 47.40270857614272], ""type"": ""Point""}";Wolfganghof 5;1
47.4264867832288, 9.383673705741746;"{""coordinates"": [9.383673705741746, 47.4264867832288], ""type"": ""Point""}";Florastrasse 5;1
47.4034628520784, 9.314501098547549;"{""coordinates"": [9.314501098547549, 47.4034628520784], ""type"": ""Point""}";Koblerstrasse Wendeplatz;1
47.41920271216913, 9.365936016318976;"{""coordinates"": [9.365936016318976, 47.41920271216913], ""type"": ""Point""}";Geltenwilenstrasse 16;1
47.418974045816, 9.372797199426163;"{""coordinates"": [9.372797199426163, 47.418974045816], ""type"": ""Point""}";Berneggstrasse 52;1
47.43839667539539, 9.393348865820768;"{""coordinates"": [9.393348865820768, 47.43839667539539], ""type"": ""Point""}";Kolosseumstrasse 33;1
47.410279452455825, 9.368882374723773;"{""coordinates"": [9.368882374723773, 47.410279452455825], ""type"": ""Point""}";Wattstrasse 9;1
47.4064553087934, 9.330697828429843;"{""coordinates"": [9.330697828429843, 47.4064553087934], ""type"": ""Point""}";Lehnstrasse 30;1
47.405169854027776, 9.327811082752904;"{""coordinates"": [9.327811082752904, 47.405169854027776], ""type"": ""Point""}";Lehnstrasse / Hinterberg;1
47.40608172684334, 9.3253033217681;"{""coordinates"": [9.3253033217681, 47.40608172684334], ""type"": ""Point""}";Lehnstrasse 100;1
47.42116783084899, 9.345945772706166;"{""coordinates"": [9.345945772706166, 47.42116783084899], ""type"": ""Point""}";Zwyssigstrasse 24;1
47.425551353505, 9.405902974415895;"{""coordinates"": [9.405902974415895, 47.425551353505], ""type"": ""Point""}";Huebstrasse 3;1
47.44319612588293, 9.412071060663028;"{""coordinates"": [9.412071060663028, 47.44319612588293], ""type"": ""Point""}";Zilstrasse / Imbodenstrasse;1
47.40407491244968, 9.330259031152606;"{""coordinates"": [9.330259031152606, 47.40407491244968], ""type"": ""Point""}";Aetschbergstrasse 8;1
47.40889266357226, 9.344303767287197;"{""coordinates"": [9.344303767287197, 47.40889266357226], ""type"": ""Point""}";Oberstrasse 253;1
47.41831076498106, 9.356023070405763;"{""coordinates"": [9.356023070405763, 47.41831076498106], ""type"": ""Point""}";Salisstrasse 7;1
47.41784373696579, 9.354971819964714;"{""coordinates"": [9.354971819964714, 47.41784373696579], ""type"": ""Point""}";Turnerstrasse 30;1
47.42294987855908, 9.380466993670913;"{""coordinates"": [9.380466993670913, 47.42294987855908], ""type"": ""Point""}";St.Georgen-Strasse 19;1
47.4341791213221, 9.413440010780738;"{""coordinates"": [9.413440010780738, 47.4341791213221], ""type"": ""Point""}";Rehetobelstrasse 85;1
47.407285020513825, 9.326616946172583;"{""coordinates"": [9.326616946172583, 47.407285020513825], ""type"": ""Point""}";Zweibruggenmühle;1
47.403003166019616, 9.30136206652805;"{""coordinates"": [9.30136206652805, 47.403003166019616], ""type"": ""Point""}";Kreuzbühlstrasse 1;1
47.42361569988051, 9.380977908596568;"{""coordinates"": [9.380977908596568, 47.42361569988051], ""type"": ""Point""}";Rotachstrasse 2;1
47.421262788287045, 9.352214978182491;"{""coordinates"": [9.352214978182491, 47.421262788287045], ""type"": ""Point""}";Lilienstrasse 17;1
47.43326874004234, 9.383309643910376;"{""coordinates"": [9.383309643910376, 47.43326874004234], ""type"": ""Point""}";Dianastrasse / Dianaweg;1
47.42485211074167, 9.36094442436513;"{""coordinates"": [9.36094442436513, 47.42485211074167], ""type"": ""Point""}";Dietlistrasse 25;1
47.42203214519501, 9.362904053245162;"{""coordinates"": [9.362904053245162, 47.42203214519501], ""type"": ""Point""}";Rosenbergweg 19;1
47.41207391129592, 9.3522623331206;"{""coordinates"": [9.3522623331206, 47.41207391129592], ""type"": ""Point""}";Ruhsitzstrasse / Ruhsitzweg;1
47.43829495929563, 9.385851024507682;"{""coordinates"": [9.385851024507682, 47.43829495929563], ""type"": ""Point""}";Lessingstrasse 46;1
47.437324075188826, 9.385988319163134;"{""coordinates"": [9.385988319163134, 47.437324075188826], ""type"": ""Point""}";Schubertstrasse 15;1
47.43088978917402, 9.39640483048957;"{""coordinates"": [9.39640483048957, 47.43088978917402], ""type"": ""Point""}";Falkensteinstrasse 54;1
47.410519241898456, 9.345278143335761;"{""coordinates"": [9.345278143335761, 47.410519241898456], ""type"": ""Point""}";Hechtackerstrasse 40;1
47.40640454219923, 9.310168424521548;"{""coordinates"": [9.310168424521548, 47.40640454219923], ""type"": ""Point""}";Kräzernstrasse 114;1
47.43854112341496, 9.38495761932514;"{""coordinates"": [9.38495761932514, 47.43854112341496], ""type"": ""Point""}";Goethestrasse 59;1
47.413254426462565, 9.333598965045608;"{""coordinates"": [9.333598965045608, 47.413254426462565], ""type"": ""Point""}";Ullmannstrasse 13;1
47.4161738178781, 9.343830211132843;"{""coordinates"": [9.343830211132843, 47.4161738178781], ""type"": ""Point""}";Zürcher Strasse 126;1
47.441469206719376, 9.41319781605793;"{""coordinates"": [9.41319781605793, 47.441469206719376], ""type"": ""Point""}";Lerchentalstrasse 2;1
47.43604611596271, 9.405682002763148;"{""coordinates"": [9.405682002763148, 47.43604611596271], ""type"": ""Point""}";Grünaustrasse 25;1
47.435782943780886, 9.408605839958433;"{""coordinates"": [9.408605839958433, 47.435782943780886], ""type"": ""Point""}";Fuchsenstrasse 6;1
47.40984368809253, 9.337359717105876;"{""coordinates"": [9.337359717105876, 47.40984368809253], ""type"": ""Point""}";Moosstrasse 57;1
47.40494861159083, 9.311971462283234;"{""coordinates"": [9.311971462283234, 47.40494861159083], ""type"": ""Point""}";Kräzernstrasse 98;1
47.412684302546296, 9.351492835247788;"{""coordinates"": [9.351492835247788, 47.412684302546296], ""type"": ""Point""}";Landhausstrasse 20;1
47.40701884050465, 9.31201115853115;"{""coordinates"": [9.31201115853115, 47.40701884050465], ""type"": ""Point""}";Moosgartenstrasse 9/11;1
47.438324035843536, 9.391686012270178;"{""coordinates"": [9.391686012270178, 47.438324035843536], ""type"": ""Point""}";Kolumbanstrasse 33;1
47.40649529633462, 9.318501046692816;"{""coordinates"": [9.318501046692816, 47.40649529633462], ""type"": ""Point""}";Kräzernstrasse 45;1
47.42112365995548, 9.38006275743609;"{""coordinates"": [9.38006275743609, 47.42112365995548], ""type"": ""Point""}";Buchstrasse 12;1
47.43209508512066, 9.393359901431394;"{""coordinates"": [9.393359901431394, 47.43209508512066], ""type"": ""Point""}";Friedeggstrasse 5;1
47.441442009852736, 9.395173000618403;"{""coordinates"": [9.395173000618403, 47.441442009852736], ""type"": ""Point""}";Lettenstrasse 19;1
47.43521717791982, 9.372407854690875;"{""coordinates"": [9.372407854690875, 47.43521717791982], ""type"": ""Point""}";Klosterweidlistrasse 17;1
47.40985443058205, 9.334610405481202;"{""coordinates"": [9.334610405481202, 47.40985443058205], ""type"": ""Point""}";Fürstenlandstrasse 159;1
47.44056644524295, 9.394844367057976;"{""coordinates"": [9.394844367057976, 47.44056644524295], ""type"": ""Point""}";Espenmoosstrasse 7;1
47.415988442910376, 9.34756592948441;"{""coordinates"": [9.34756592948441, 47.415988442910376], ""type"": ""Point""}";Zürcher Strasse 95;1
47.43312400245948, 9.410948810949067;"{""coordinates"": [9.410948810949067, 47.43312400245948], ""type"": ""Point""}";Rehetobelstrasse 64;1
47.42559593863457, 9.402434479695604;"{""coordinates"": [9.402434479695604, 47.42559593863457], ""type"": ""Point""}";Hardungstr. 10;1
47.4059986701506, 9.329467289996483;"{""coordinates"": [9.329467289996483, 47.4059986701506], ""type"": ""Point""}";Lehnstrasse 42;1
47.42431403747852, 9.377524687659356;"{""coordinates"": [9.377524687659356, 47.42431403747852], ""type"": ""Point""}";Kugelgasse 19;1
47.41608950224229, 9.358153767694185;"{""coordinates"": [9.358153767694185, 47.41608950224229], ""type"": ""Point""}";Zschokkestrasse;1
47.404490791374464, 9.31571794592613;"{""coordinates"": [9.31571794592613, 47.404490791374464], ""type"": ""Point""}";Sturzeneggstrasse 26;1
47.40507481506341, 9.3134680655603;"{""coordinates"": [9.3134680655603, 47.40507481506341], ""type"": ""Point""}";Kräzernstrasse 92;1
47.40726400149319, 9.326624582293404;"{""coordinates"": [9.326624582293404, 47.40726400149319], ""type"": ""Point""}";Zweibruggenmühle;1
47.42676502066385, 9.406591131789556;"{""coordinates"": [9.406591131789556, 47.42676502066385], ""type"": ""Point""}";Huebstrasse 9d;1
47.413965775057044, 9.346077559051123;"{""coordinates"": [9.346077559051123, 47.413965775057044], ""type"": ""Point""}";Ahornstrasse 23;1
47.435617184289896, 9.385681527067135;"{""coordinates"": [9.385681527067135, 47.435617184289896], ""type"": ""Point""}";Iddastrasse 3;1
47.42025399438426, 9.37202299603041;"{""coordinates"": [9.37202299603041, 47.42025399438426], ""type"": ""Point""}";Wassergasse 39;1
47.43050724329796, 9.397658602436731;"{""coordinates"": [9.397658602436731, 47.43050724329796], ""type"": ""Point""}";Rappensteinstrasse 6;1
47.418736100763645, 9.370106983624485;"{""coordinates"": [9.370106983624485, 47.418736100763645], ""type"": ""Point""}";Felsenstrasse 101;1
47.410525821205624, 9.368261233060485;"{""coordinates"": [9.368261233060485, 47.410525821205624], ""type"": ""Point""}";Wattstrasse / Wattweg 2;1
47.441941616277916, 9.395066622116609;"{""coordinates"": [9.395066622116609, 47.441941616277916], ""type"": ""Point""}";Lettenstrasse / Langgasse 120a;1
47.44020994570598, 9.410943620670583;"{""coordinates"": [9.410943620670583, 47.44020994570598], ""type"": ""Point""}";Schönbüelpark;1
47.43650032935635, 9.411426124784045;"{""coordinates"": [9.411426124784045, 47.43650032935635], ""type"": ""Point""}";Martinsbruggstrasse 41;1
47.42517490166161, 9.382040904522746;"{""coordinates"": [9.382040904522746, 47.42517490166161], ""type"": ""Point""}";Lämmlisbrunnenstrasse 44;1
47.42650474510277, 9.388970932285872;"{""coordinates"": [9.388970932285872, 47.42650474510277], ""type"": ""Point""}";Steingrüeblistrasse 24;1
47.411797586629774, 9.331288476607028;"{""coordinates"": [9.331288476607028, 47.411797586629774], ""type"": ""Point""}";Engelwiesweg / Austr.;1
47.43598924126841, 9.400536480892006;"{""coordinates"": [9.400536480892006, 47.43598924126841], ""type"": ""Point""}";Lindenstrasse 122;1
47.42434339294229, 9.383047943896885;"{""coordinates"": [9.383047943896885, 47.42434339294229], ""type"": ""Point""}";Brunnenberg;1
47.427850006051244, 9.394418878312859;"{""coordinates"": [9.394418878312859, 47.427850006051244], ""type"": ""Point""}";Birnbäumenstrasse 31;1
47.4272192714596, 9.38712671811511;"{""coordinates"": [9.38712671811511, 47.4272192714596], ""type"": ""Point""}";Flurhofstrasse 7;1
47.425180322245446, 9.382016295698035;"{""coordinates"": [9.382016295698035, 47.425180322245446], ""type"": ""Point""}";Lämmlisbrunnenstrasse 44;1
47.42200106766352, 9.364101046914154;"{""coordinates"": [9.364101046914154, 47.42200106766352], ""type"": ""Point""}";Rosenbergweg 12;1
47.422363148993036, 9.36497150939428;"{""coordinates"": [9.36497150939428, 47.422363148993036], ""type"": ""Point""}";Rosenbergweg 4;1
47.418467656212464, 9.366578549684586;"{""coordinates"": [9.366578549684586, 47.418467656212464], ""type"": ""Point""}";Unterstrasse 45;1
47.42581108756013, 9.38963086702662;"{""coordinates"": [9.38963086702662, 47.42581108756013], ""type"": ""Point""}";Krüsistrasse 4;1
47.44254210920121, 9.410615557999309;"{""coordinates"": [9.410615557999309, 47.44254210920121], ""type"": ""Point""}";Brauerstrasse 79;1
47.44071803711794, 9.39554297501557;"{""coordinates"": [9.39554297501557, 47.44071803711794], ""type"": ""Point""}";Espenmoosstrasse 10 / 12;1
47.400247355144366, 9.299794363496911;"{""coordinates"": [9.299794363496911, 47.400247355144366], ""type"": ""Point""}";Gsellstrasse 26;1
47.41960529149816, 9.36371211152709;"{""coordinates"": [9.36371211152709, 47.41960529149816], ""type"": ""Point""}";Burgstrasse 18;1
47.43124619003251, 9.399815005748989;"{""coordinates"": [9.399815005748989, 47.43124619003251], ""type"": ""Point""}";Rappensteinstrasse 19;1
47.44896493753719, 9.406486191482664;"{""coordinates"": [9.406486191482664, 47.44896493753719], ""type"": ""Point""}";Kesselhaldenstrasse 85;1
47.41470740116583, 9.392955711962722;"{""coordinates"": [9.392955711962722, 47.41470740116583], ""type"": ""Point""}";St.Georgen-Strasse 174;1
47.42690707202631, 9.373818147073761;"{""coordinates"": [9.373818147073761, 47.42690707202631], ""type"": ""Point""}";Blumenbergplatz;1
47.43442997746114, 9.409002459137255;"{""coordinates"": [9.409002459137255, 47.43442997746114], ""type"": ""Point""}";Fuchsenstrasse 18;1
47.41345829990259, 9.354196635437718;"{""coordinates"": [9.354196635437718, 47.41345829990259], ""type"": ""Point""}";Oberstrasse / Ruhsitzstrasse;1
47.442348920570474, 9.392490755163223;"{""coordinates"": [9.392490755163223, 47.442348920570474], ""type"": ""Point""}";Kauffmannstrasse;1
47.4448144554197, 9.411965776573242;"{""coordinates"": [9.411965776573242, 47.4448144554197], ""type"": ""Point""}";Brauerstrasse 95;1
47.435593484707695, 9.41873456771328;"{""coordinates"": [9.41873456771328, 47.435593484707695], ""type"": ""Point""}";Vogelherdstrasse 9;1
47.43963020624739, 9.39488862537132;"{""coordinates"": [9.39488862537132, 47.43963020624739], ""type"": ""Point""}";Heiligkreuzstrasse / Lukaspärklein;1
47.41717818765846, 9.348608948393634;"{""coordinates"": [9.348608948393634, 47.41717818765846], ""type"": ""Point""}";Schibistrasse 5;1
47.403393109378776, 9.328986269967395;"{""coordinates"": [9.328986269967395, 47.403393109378776], ""type"": ""Point""}";Ramsenstrasse 9;1
47.42508111762434, 9.389377797499701;"{""coordinates"": [9.389377797499701, 47.42508111762434], ""type"": ""Point""}";Speicherstrasse / Dreilindenhang;1
47.43301713388898, 9.411539831352723;"{""coordinates"": [9.411539831352723, 47.43301713388898], ""type"": ""Point""}";Rehetobelstrasse ca. 69;1
47.43045767592614, 9.401631925497487;"{""coordinates"": [9.401631925497487, 47.43045767592614], ""type"": ""Point""}";Goldbrunnenstrasse 45;1
47.42965527857742, 9.399676308870088;"{""coordinates"": [9.399676308870088, 47.42965527857742], ""type"": ""Point""}";Hagenbuchstrasse/Goldbrunnenweg;1
47.42831823629741, 9.398249542173852;"{""coordinates"": [9.398249542173852, 47.42831823629741], ""type"": ""Point""}";Meienbergstrasse 40;1
47.42117319708507, 9.365903000105781;"{""coordinates"": [9.365903000105781, 47.42117319708507], ""type"": ""Point""}";Grünbergstrasse (Lokremise);1
47.413909801031714, 9.366511869458353;"{""coordinates"": [9.366511869458353, 47.413909801031714], ""type"": ""Point""}";Obere Berneggstrasse 70;1
47.41665162636206, 9.392467321315097;"{""coordinates"": [9.392467321315097, 47.41665162636206], ""type"": ""Point""}";Kammelenbergstrasse 30;1
47.40758567434592, 9.342103777072587;"{""coordinates"": [9.342103777072587, 47.40758567434592], ""type"": ""Point""}";Oberstrasse / Rosenbüchelstrasse 1a;1
47.413109304903585, 9.3644385640334;"{""coordinates"": [9.3644385640334, 47.413109304903585], ""type"": ""Point""}";Altmannstrasse 16;1
47.426174922297044, 9.359754276910358;"{""coordinates"": [9.359754276910358, 47.426174922297044], ""type"": ""Point""}";Sonnenbergstr./Messmerweg;1
47.41303735548317, 9.365380350910886;"{""coordinates"": [9.365380350910886, 47.41303735548317], ""type"": ""Point""}";Nestweiherstrasse 3;1
47.432444423184506, 9.39513507866668;"{""coordinates"": [9.39513507866668, 47.432444423184506], ""type"": ""Point""}";Helvetiastrasse 36;1
47.4022328394528, 9.300057005132695;"{""coordinates"": [9.300057005132695, 47.4022328394528], ""type"": ""Point""}";Mittelholzerstrasse 11;1
47.40146119762395, 9.299349736537385;"{""coordinates"": [9.299349736537385, 47.40146119762395], ""type"": ""Point""}";Lilienthalstrasse / Gsellstrasse;1
47.41261265254885, 9.355594724385572;"{""coordinates"": [9.355594724385572, 47.41261265254885], ""type"": ""Point""}";Langweidstrasse 6;1
47.40738864652001, 9.36885262638167;"{""coordinates"": [9.36885262638167, 47.40738864652001], ""type"": ""Point""}";Teufener Strasse 182a / Wattbachstrasse;1
47.43635846094789, 9.386508601976805;"{""coordinates"": [9.386508601976805, 47.43635846094789], ""type"": ""Point""}";Iddastrasse 16;1
47.4375137538883, 9.381525345537503;"{""coordinates"": [9.381525345537503, 47.4375137538883], ""type"": ""Point""}";Hölderlinstrasse 20;1
47.42537962093559, 9.359607955452363;"{""coordinates"": [9.359607955452363, 47.42537962093559], ""type"": ""Point""}";Schorenstrasse / Fichtetreppe;1
47.42292954690099, 9.360111014103088;"{""coordinates"": [9.360111014103088, 47.42292954690099], ""type"": ""Point""}";Dufourstrasse/Rötelistrasse 2;1
47.433034935304725, 9.402680383299916;"{""coordinates"": [9.402680383299916, 47.433034935304725], ""type"": ""Point""}";Rehetobelstrasse 32;1
47.40248096230631, 9.331248121963037;"{""coordinates"": [9.331248121963037, 47.40248096230631], ""type"": ""Point""}";Wolfgangstrasse 67;1
47.402327402686794, 9.33258698776197;"{""coordinates"": [9.33258698776197, 47.402327402686794], ""type"": ""Point""}";Wolfgangstrasse 75;1
47.41653770470267, 9.364606735874188;"{""coordinates"": [9.364606735874188, 47.41653770470267], ""type"": ""Point""}";Tschudistrasse 32;1
47.436499203501654, 9.411452508956947;"{""coordinates"": [9.411452508956947, 47.436499203501654], ""type"": ""Point""}";Martinsbruggstrasse 41;1
47.43653046301045, 9.410862291623694;"{""coordinates"": [9.410862291623694, 47.43653046301045], ""type"": ""Point""}";Martinsbruggstrasse 39;1
47.42794829520517, 9.371812969291481;"{""coordinates"": [9.371812969291481, 47.42794829520517], ""type"": ""Point""}";Dufourstrasse 70;1
47.43504605293027, 9.408626218525281;"{""coordinates"": [9.408626218525281, 47.43504605293027], ""type"": ""Point""}";Fuchsenstrasse 10;1
47.430109746505465, 9.39929203168025;"{""coordinates"": [9.39929203168025, 47.430109746505465], ""type"": ""Point""}";Hagenbuchstrasse 25;1
47.40643865728932, 9.313766521534843;"{""coordinates"": [9.313766521534843, 47.40643865728932], ""type"": ""Point""}";Sonnmattstrasse 19;1
47.42778435864693, 9.377945129143223;"{""coordinates"": [9.377945129143223, 47.42778435864693], ""type"": ""Point""}";Torstrasse / Brühlweg;1
47.409461900935945, 9.332539142048466;"{""coordinates"": [9.332539142048466, 47.409461900935945], ""type"": ""Point""}";Fürstenlandstrasse 179;1
47.40337070117997, 9.3382172776909;"{""coordinates"": [9.3382172776909, 47.40337070117997], ""type"": ""Point""}";Wolfgangstrasse 6;1
47.41102409038209, 9.339251078226521;"{""coordinates"": [9.339251078226521, 47.41102409038209], ""type"": ""Point""}";Fürstenlandstrasse 135;1
47.43019513342485, 9.383473543823197;"{""coordinates"": [9.383473543823197, 47.43019513342485], ""type"": ""Point""}";Bürglistrasse 11;1
47.43328985237711, 9.372044707807627;"{""coordinates"": [9.372044707807627, 47.43328985237711], ""type"": ""Point""}";Gatterstrasse 13;1
47.401461096630136, 9.300881448128838;"{""coordinates"": [9.300881448128838, 47.401461096630136], ""type"": ""Point""}";Herisauer Strasse 90;1
47.41651522378803, 9.356642326904245;"{""coordinates"": [9.356642326904245, 47.41651522378803], ""type"": ""Point""}";Turnerstrasse 10a;1
47.40506979283383, 9.3134401889615;"{""coordinates"": [9.3134401889615, 47.40506979283383], ""type"": ""Point""}";Kräzernstrasse 92;1
47.404164534916596, 9.316822549827265;"{""coordinates"": [9.316822549827265, 47.404164534916596], ""type"": ""Point""}";Sturzeneggstrasse 36;1
47.43444306244998, 9.400685394928535;"{""coordinates"": [9.400685394928535, 47.43444306244998], ""type"": ""Point""}";Brauerstrasse 15;1
47.41493510264762, 9.392286339349988;"{""coordinates"": [9.392286339349988, 47.41493510264762], ""type"": ""Point""}";Tetznerstrasse Wendeplatz;1
47.43378297153737, 9.393495604615683;"{""coordinates"": [9.393495604615683, 47.43378297153737], ""type"": ""Point""}";Werkstr. 3;1
47.43312518157803, 9.393473736755372;"{""coordinates"": [9.393473736755372, 47.43312518157803], ""type"": ""Point""}";Lindenstrasse 71;1
47.418703120419316, 9.350561352665798;"{""coordinates"": [9.350561352665798, 47.418703120419316], ""type"": ""Point""}";Föhrenstrasse 7;1
47.425090685396285, 9.379001731424552;"{""coordinates"": [9.379001731424552, 47.425090685396285], ""type"": ""Point""}";Glockengasse;1
47.41466495635745, 9.392300344337093;"{""coordinates"": [9.392300344337093, 47.41466495635745], ""type"": ""Point""}";St.Georgen-Strasse 169;1
47.411568114226604, 9.34277884560986;"{""coordinates"": [9.34277884560986, 47.411568114226604], ""type"": ""Point""}";Moosstrasse 29;1
47.40336271516751, 9.338194167387444;"{""coordinates"": [9.338194167387444, 47.40336271516751], ""type"": ""Point""}";Wolfgangstrasse 6;1
47.43265909403636, 9.397405828117801;"{""coordinates"": [9.397405828117801, 47.43265909403636], ""type"": ""Point""}";Sonneggstrasse 5;1
47.41735498559141, 9.359828283024415;"{""coordinates"": [9.359828283024415, 47.41735498559141], ""type"": ""Point""}";Ilgenstrasse 30;1
47.412847338528735, 9.350671202317548;"{""coordinates"": [9.350671202317548, 47.412847338528735], ""type"": ""Point""}";Ahornstrasse 62;1
47.418099068222105, 9.383403991761064;"{""coordinates"": [9.383403991761064, 47.418099068222105], ""type"": ""Point""}";Gotthelfstrasse 13;1
47.429070970430125, 9.391458239722837;"{""coordinates"": [9.391458239722837, 47.429070970430125], ""type"": ""Point""}";Steigerstr. / Schwanenstr. 12;1
47.42636432171395, 9.38432331262752;"{""coordinates"": [9.38432331262752, 47.42636432171395], ""type"": ""Point""}";Schwalbenstrasse;1
47.436182724488845, 9.402321132449009;"{""coordinates"": [9.402321132449009, 47.436182724488845], ""type"": ""Point""}";Parketteriestrasse 3;1
47.42225635184932, 9.377923360412412;"{""coordinates"": [9.377923360412412, 47.42225635184932], ""type"": ""Point""}";St.Georgen-Strasse 7;1
47.42907843011869, 9.396088872792745;"{""coordinates"": [9.396088872792745, 47.42907843011869], ""type"": ""Point""}";Flurhofstrasse 71;1
47.42651594190136, 9.385384823889625;"{""coordinates"": [9.385384823889625, 47.42651594190136], ""type"": ""Point""}";Konkordiastrasse 32;1
47.42582949223708, 9.385026732757234;"{""coordinates"": [9.385026732757234, 47.42582949223708], ""type"": ""Point""}";Linsebühlstrasse 97;1
47.42829528412991, 9.379538998055297;"{""coordinates"": [9.379538998055297, 47.42829528412991], ""type"": ""Point""}";Blumenaustrasse 26;1
47.43795521167329, 9.419518502648154;"{""coordinates"": [9.419518502648154, 47.43795521167329], ""type"": ""Point""}";Tablatstrasse 10;1
47.40615501600284, 9.33767268063571;"{""coordinates"": [9.33767268063571, 47.40615501600284], ""type"": ""Point""}";Haggenstrasse 58;1
47.40654456809769, 9.32550444880796;"{""coordinates"": [9.32550444880796, 47.40654456809769], ""type"": ""Point""}";Lehnstrasse 104;1
47.40873836585784, 9.362675728739537;"{""coordinates"": [9.362675728739537, 47.40873836585784], ""type"": ""Point""}";Oberhofstettenstrasse 36;1
47.4191151423618, 9.37183692512601;"{""coordinates"": [9.37183692512601, 47.4191151423618], ""type"": ""Point""}";Obere Felsenstrasse;1
47.4044971119826, 9.315745401880676;"{""coordinates"": [9.315745401880676, 47.4044971119826], ""type"": ""Point""}";Sturzeneggstrasse 26;1
47.41638284548733, 9.381495709333821;"{""coordinates"": [9.381495709333821, 47.41638284548733], ""type"": ""Point""}";Wiesenstrasse 49;1
47.42383696597704, 9.380393440847023;"{""coordinates"": [9.380393440847023, 47.42383696597704], ""type"": ""Point""}";Harfenbergstrasse 5;1
47.437964640853934, 9.392961504388527;"{""coordinates"": [9.392961504388527, 47.437964640853934], ""type"": ""Point""}";Kolosseumstrasse 28;1
47.436187882528785, 9.393563076630606;"{""coordinates"": [9.393563076630606, 47.436187882528785], ""type"": ""Point""}";Bucheggstrasse 10;1
47.436245248045644, 9.421980203095494;"{""coordinates"": [9.421980203095494, 47.436245248045644], ""type"": ""Point""}";Vogelherdstrasse Wendeplatz;1
47.40016358856711, 9.29677535197125;"{""coordinates"": [9.29677535197125, 47.40016358856711], ""type"": ""Point""}";Geigerstrasse 15;1
47.40628188306198, 9.335807212984697;"{""coordinates"": [9.335807212984697, 47.40628188306198], ""type"": ""Point""}";Boppartshofstrasse 2;1
47.41791093993768, 9.364942397575293;"{""coordinates"": [9.364942397575293, 47.41791093993768], ""type"": ""Point""}";Unterstrasse 58;1
47.41966499827017, 9.350594794308467;"{""coordinates"": [9.350594794308467, 47.41966499827017], ""type"": ""Point""}";Schönaustrasse, Gartenareal;1
47.436467026407485, 9.419017055710322;"{""coordinates"": [9.419017055710322, 47.436467026407485], ""type"": ""Point""}";Vogelherd / Tablatstrasse;1
47.41438449933575, 9.338002685294576;"{""coordinates"": [9.338002685294576, 47.41438449933575], ""type"": ""Point""}";Heimstrasse 4 / 6;1
47.44878696942526, 9.396484610697568;"{""coordinates"": [9.396484610697568, 47.44878696942526], ""type"": ""Point""}";Bruggwaldstrasse 60;1
47.42417211648204, 9.387081222194437;"{""coordinates"": [9.387081222194437, 47.42417211648204], ""type"": ""Point""}";Dreilindenhang 23;1
47.438516659735534, 9.378457223095209;"{""coordinates"": [9.378457223095209, 47.438516659735534], ""type"": ""Point""}";Berghaldenstrasse 4;1
47.41061735588379, 9.370088160928773;"{""coordinates"": [9.370088160928773, 47.41061735588379], ""type"": ""Point""}";Wattstrasse 19;1
47.421901255476854, 9.347718707000535;"{""coordinates"": [9.347718707000535, 47.421901255476854], ""type"": ""Point""}";Zwyssigstrasse 9;1
47.4174809398341, 9.355444834603706;"{""coordinates"": [9.355444834603706, 47.4174809398341], ""type"": ""Point""}";Turnerstrasse 26;1
47.440673734317734, 9.397488435262389;"{""coordinates"": [9.397488435262389, 47.440673734317734], ""type"": ""Point""}";Espentobelstrasse 5;1
47.442427077411615, 9.40543024132966;"{""coordinates"": [9.40543024132966, 47.442427077411615], ""type"": ""Point""}";Zilstrasse 20;1
47.41500992543419, 9.361626465718889;"{""coordinates"": [9.361626465718889, 47.41500992543419], ""type"": ""Point""}";Ruhbergstrasse 30;1
47.41482210606165, 9.365421723054189;"{""coordinates"": [9.365421723054189, 47.41482210606165], ""type"": ""Point""}";Fellenbergstrasse 67;1
47.43864464198577, 9.402181794950351;"{""coordinates"": [9.402181794950351, 47.43864464198577], ""type"": ""Point""}";Hüttenwiesstrasse / Kesselhaldenweg;1
47.42887008888056, 9.376222090408794;"{""coordinates"": [9.376222090408794, 47.42887008888056], ""type"": ""Point""}";Böcklinstrasse 5;1
47.42941974121531, 9.371986180263667;"{""coordinates"": [9.371986180263667, 47.42941974121531], ""type"": ""Point""}";Höhenweg 14;1
47.4234806563649, 9.385309004974852;"{""coordinates"": [9.385309004974852, 47.4234806563649], ""type"": ""Point""}";Dreilindenhang 22;1
47.40051998791733, 9.298238201018524;"{""coordinates"": [9.298238201018524, 47.40051998791733], ""type"": ""Point""}";Geigerstrasse 11;1
47.423034467257175, 9.341231272119499;"{""coordinates"": [9.341231272119499, 47.423034467257175], ""type"": ""Point""}";Schiltacker;1
47.45135817400877, 9.39772375468034;"{""coordinates"": [9.39772375468034, 47.45135817400877], ""type"": ""Point""}";Brugghalden 2;1
47.449939214596654, 9.387956342279862;"{""coordinates"": [9.387956342279862, 47.449939214596654], ""type"": ""Point""}";Kirchlistrasse 99;1
47.41348201303659, 9.333792007109018;"{""coordinates"": [9.333792007109018, 47.41348201303659], ""type"": ""Point""}";Ullmannstrasse 16;1
47.435059003795295, 9.404656602124287;"{""coordinates"": [9.404656602124287, 47.435059003795295], ""type"": ""Point""}";Grünaustrasse 12;1
47.43217198859215, 9.399830767090231;"{""coordinates"": [9.399830767090231, 47.43217198859215], ""type"": ""Point""}";Röschstrasse 9;1
47.415280337728014, 9.382579276010262;"{""coordinates"": [9.382579276010262, 47.415280337728014], ""type"": ""Point""}";Spiltrücklistrasse 1;1
47.421324976507044, 9.35587220896787;"{""coordinates"": [9.35587220896787, 47.421324976507044], ""type"": ""Point""}";Stahlstrasse 9;1
47.437794786082485, 9.391345192394004;"{""coordinates"": [9.391345192394004, 47.437794786082485], ""type"": ""Point""}";Kolumbanstrasse 29;1
47.42061730394659, 9.38015304085039;"{""coordinates"": [9.38015304085039, 47.42061730394659], ""type"": ""Point""}";Kronbergstrasse 8;1
47.439626036431, 9.380144515591619;"{""coordinates"": [9.380144515591619, 47.439626036431], ""type"": ""Point""}";Guisanstrasse 94;1
47.43746400503933, 9.392220420491597;"{""coordinates"": [9.392220420491597, 47.43746400503933], ""type"": ""Point""}";Kolosseumstrasse 18;1
47.434290014474726, 9.377601082539993;"{""coordinates"": [9.377601082539993, 47.434290014474726], ""type"": ""Point""}";Girtannerstrasse 9;1
47.44043221345244, 9.394007214758686;"{""coordinates"": [9.394007214758686, 47.44043221345244], ""type"": ""Point""}";Heiligkreuzstrasse 53;1
47.41501501270477, 9.35934816844601;"{""coordinates"": [9.35934816844601, 47.41501501270477], ""type"": ""Point""}";Güterbahnhofstr. 26;1
47.44334189321546, 9.411276806402618;"{""coordinates"": [9.411276806402618, 47.44334189321546], ""type"": ""Point""}";Zilstrasse 72;1
47.430674813028034, 9.377106664292638;"{""coordinates"": [9.377106664292638, 47.430674813028034], ""type"": ""Point""}";Dierauerstrasse 19;1
47.42501350253084, 9.374458538619963;"{""coordinates"": [9.374458538619963, 47.42501350253084], ""type"": ""Point""}";Neugasse-Durchbruch;1
47.40409135635367, 9.338400762600495;"{""coordinates"": [9.338400762600495, 47.40409135635367], ""type"": ""Point""}";Haggenstrasse 86;1
47.41973027166627, 9.37113280393384;"{""coordinates"": [9.37113280393384, 47.41973027166627], ""type"": ""Point""}";Wassergasse 53;1
47.4000095833488, 9.30142493865333;"{""coordinates"": [9.30142493865333, 47.4000095833488], ""type"": ""Point""}";Gübsenstrasse 90;1
47.40774180017456, 9.338722710325573;"{""coordinates"": [9.338722710325573, 47.40774180017456], ""type"": ""Point""}";Hechtackerstrasse 12;1
47.43180202945654, 9.409668459478596;"{""coordinates"": [9.409668459478596, 47.43180202945654], ""type"": ""Point""}";Achslenstrasse 32;1
47.405073663484316, 9.317487759760677;"{""coordinates"": [9.317487759760677, 47.405073663484316], ""type"": ""Point""}";Hofstrasse 1;1
47.40626748946363, 9.313073172251162;"{""coordinates"": [9.313073172251162, 47.40626748946363], ""type"": ""Point""}";Sonnmattstrasse 13;1
47.4425618989015, 9.410628869601515;"{""coordinates"": [9.410628869601515, 47.4425618989015], ""type"": ""Point""}";Brauerstrasse 79;1
47.406827429331486, 9.316467544438485;"{""coordinates"": [9.316467544438485, 47.406827429331486], ""type"": ""Point""}";Sonnmattstrasse 33;1
47.41396409365634, 9.346107306741954;"{""coordinates"": [9.346107306741954, 47.41396409365634], ""type"": ""Point""}";Ahornstrasse 23;1
47.4087337955551, 9.3413002244927;"{""coordinates"": [9.3413002244927, 47.4087337955551], ""type"": ""Point""}";Hechtackerstrasse 22;1
47.435237580450355, 9.401659176772613;"{""coordinates"": [9.401659176772613, 47.435237580450355], ""type"": ""Point""}";Brauerstrasse 21;1
47.43291066013373, 9.396063971936206;"{""coordinates"": [9.396063971936206, 47.43291066013373], ""type"": ""Point""}";Wiesentalstrasse 12;1
47.4347238302064, 9.396232392341583;"{""coordinates"": [9.396232392341583, 47.4347238302064], ""type"": ""Point""}";Buchentalstrasse 23;1
47.44203072034834, 9.409029528464131;"{""coordinates"": [9.409029528464131, 47.44203072034834], ""type"": ""Point""}";Zilweg 6/8;1
47.435800556337064, 9.408602255096051;"{""coordinates"": [9.408602255096051, 47.435800556337064], ""type"": ""Point""}";Fuchsenstrasse 6;1
47.4281128474732, 9.38971055486861;"{""coordinates"": [9.38971055486861, 47.4281128474732], ""type"": ""Point""}";Ackerstrasse 1;1
